time(s),Area (M^2),"Cloud depth, m","Particle field density, kg/cu m",MER ash particles (kg/s),Cum. mass ash (kg),cloudtype
0.0,2123.9000000000001,2790.9926400000004,0.0046788636291732969,0.0,0.0,2.0
3600.0,7319.5,2330.9366640000003,0.0032529059535817248,1425078.3204594741,5130281953.6541071,2.0
7200.0,16424.099999999999,2259.8694960000003,0.0032953478880693005,1346802.9534168208,9978772585.9546623,2.0
10800.0,24893.0,3228.8439359999998,0.0064056809600964845,1936231.1771319285,16949204823.629604,2.0
