time(s),Area (M^2),MER of plume (kg/s),"Mass in plume (kg), if inst.",MER ash particles (kg/s),"Mass ash particles (kg), if inst.",cloudtype
1800.0,894.29999999999995,0.0,0.0,0.0,0.0,2.0
3600.0,5342.1999999999998,428893.98435949848,3638007514.1681719,239659.73533177248,2032865812.4748409,2.0
5400.0,11113.700000000001,552681.28597183304,7813347605.0355167,308830.2833546137,4365985272.2680883,2.0
7200.0,16993.200000000001,527388.53559265437,10438091678.73378,294697.06143325963,5832654176.369338,2.0
10800.0,28794.200000000001,472415.04387650423,13357220681.589531,263978.67191182321,7463821107.4431677,2.0
12600.0,35489.5,489735.28935309767,18001020810.653751,273656.97377236502,10058709239.360456,2.0
14400.0,41802.300000000003,7808271.3624474853,0.0,4363148.7415647162,0.0,1.0
16200.0,48705.900000000001,7787354.8518123422,0.0,4351460.8989143493,0.0,1.0
18000.0,56457.199999999997,8134948.0814325148,0.0,4545690.9521483472,0.0,1.0
